タイヤサイズ,WZ-1,VRX3,DM-V3,VL-10,W300,DM-V1
225/40R18,"¥75,790","¥67,210",,,,
215/45R17,"¥50,600","¥42,900",,,,
225/45R18,"¥58,960","¥50,050",,,,
225/45R21,"¥75,680","¥63,910",,,,
235/45R21,"¥79,200","¥66,880",,,,
215/50R18,"¥56,760","¥48,180",,,,
225/50R18,"¥59,730","¥50,600",,,,
235/50R18,"¥61,380","¥52,250",,,,
195/50R19,"¥55,660","¥47,520",,,,
235/50R20,"¥76,450",,,,,
165/55R15,"¥31,680","¥28,380",,,,
175/55R15,"¥32,230","¥27,390",,,,
185/55R16,"¥39,050","¥33,220",,,,
205/55R16,"¥44,770","¥38,060",,,,
215/55R17,"¥50,710","¥43,120",,,,
235/55R18,"¥60,390","¥51,260",,,,
225/55R19,"¥61,270","¥52,250",,,,
235/55R19,"¥64,350","¥54,670",,,,
185/60R15,"¥30,800","¥25,960",,,,
175/60R16,"¥31,790","¥26,840",,,,
185/60R16,"¥33,770","¥28,600",,,,
205/60R16,"¥38,060","¥32,010",,,,
215/60R16,"¥40,150","¥33,880",,,,
195/60R17,"¥40,150","¥33,880",,,,
215/60R17,"¥43,230","¥36,630",,,,
225/60R17,"¥45,430","¥38,390",,,,
225/60R18,"¥49,610","¥41,910",,,,
155/65R14,"¥15,620","¥9,350",,,,
165/65R14,"¥17,160","¥14,520",,,,
175/65R15,"¥21,450","¥18,150",,,,
185/65R15,"¥24,200","¥20,570",,,,
195/65R15,"¥26,950","¥22,880",,,,
195/65R16,"¥32,010","¥27,170",,,,
205/65R16,"¥32,230","¥27,280",,,,
215/65R16,"¥37,400","¥31,790",,,,
225/65R17,"¥42,570","¥36,190",,,,
165/70R14,"¥17,270","¥14,740",,,,
175/70R14,"¥18,700","¥15,950",,,,
185/70R14,"¥20,900","¥17,710",,,,
155/70R13,"¥16,610","¥14,850",,,,
155/80R13,,"¥11,660",,,,
235/50R20,"¥76,450",,,,,
235/55R18,"¥60,390","¥51,260",,,,
235/55R19,"¥64,350","¥54,670",,,,
225/55R19,"¥61,270","¥52,250",,,,
265/55R20,"¥77,000","¥65,340",,,,
225/60R17,"¥45,430","¥38,390",,,,
225/60R18,"¥49,610","¥41,910",,,,
235/60R18,"¥50,600","¥42,900",,,,
265/60R20,"¥63,360",,,,,
215/65R16,"¥37,400","¥31,790",,,,
225/65R17,"¥42,570","¥36,190",,,,
265/65R17,"¥51,150",,,,,
265/65R18,"¥56,210","¥43,450",,,,
235/50R20,,,"¥48,400",,,
235/55R18,,,"¥43,120",,,
235/55R19,,,"¥40,150",,,
225/55R19,,,"¥38,280",,,
265/55R20,,,"¥47,960",,,
225/60R17,,,"¥32,450",,,
225/60R18,,,"¥31,020",,,
235/60R18,,,"¥31,460",,,
265/60R20,,,"¥39,600",,,
215/65R16,,,,,,"¥22,220"
225/65R17,,,"¥26,510",,,
265/65R17,,,"¥31,900",,,
265/65R18,,,"¥35,090",,,
145/80R12 80/78N,,,,"¥7,810","¥6,270",
155/80R14 88/86N,,,,"¥14,740",,
165/80R14 97/95N,,,,"¥18,700",,
195/80R15 107/105L,,,,"¥24,750",,